metric,value
acc,0.532300
ap,0.638854
recall,0.978200
f1,0.676534
auc,0.655859
