metric,value
acc,0.651800
ap,0.746622
recall,0.566200
f1,0.619204
auc,0.700894
