dataset,acc,ap,recall,f1,auc
DFDC,0.5323,0.6388538372368395,0.9782,0.6765336468635452,0.65585878
ForenSynths,0.8619,0.9394880782693708,0.9322,0.8709707558628422,0.94213808
GenImage,0.6518,0.7466216716933047,0.5662,0.6192038495188101,0.7008935199999999
