metric,value
acc,0.861900
ap,0.939488
recall,0.932200
f1,0.870971
auc,0.942138
